{"cameraMode":{"drawMode":0,"name":"Shaded","section":"Shading Mode"},"sceneLighting":false,"audioPlay":false,"sceneViewState":{"showFog":true,"showMaterialUpdate":false,"showSkybox":false,"showFlares":true,"showImageEffects":true,"showParticleSystems":true},"in2DMode":false,"pivot":{"x":45.279998779296878,"y":-1.5449999570846558,"z":-29.719999313354493},"rotation":{"x":-0.06191369146108627,"y":-0.9377001523971558,"z":0.22106395661830903,"w":-0.2615392208099365},"size":252.30923461914063,"orthographic":false}