{"cameraMode":{"drawMode":0,"name":"Shaded","section":"Shading Mode"},"sceneLighting":true,"audioPlay":false,"sceneViewState":{"showFog":true,"showMaterialUpdate":false,"showSkybox":false,"showFlares":true,"showImageEffects":true,"showParticleSystems":true},"in2DMode":false,"pivot":{"x":48.29999923706055,"y":-1.7899999618530274,"z":-29.829999923706056},"rotation":{"x":-0.18900984525680543,"y":-0.10739772021770477,"z":0.01929016038775444,"w":-0.9762025475502014},"size":1.4289418458938599,"orthographic":false}