{"cameraMode":{"drawMode":0,"name":"Shaded","section":"Shading Mode"},"sceneLighting":false,"audioPlay":false,"sceneViewState":{"showFog":true,"showMaterialUpdate":false,"showSkybox":false,"showFlares":true,"showImageEffects":true,"showParticleSystems":true},"in2DMode":false,"pivot":{"x":-6.427803039550781,"y":2.6080567836761476,"z":0.38902127742767336},"rotation":{"x":-0.4191907048225403,"y":-0.021629000082612039,"z":0.009784436784684658,"w":-0.9078000783920288},"size":0.6600001454353333,"orthographic":false}