{"cameraMode":{"drawMode":0,"name":"Shaded","section":"Shading Mode"},"sceneLighting":false,"audioPlay":false,"sceneViewState":{"showFog":true,"showMaterialUpdate":false,"showSkybox":false,"showFlares":true,"showImageEffects":true,"showParticleSystems":true},"in2DMode":false,"pivot":{"x":26.207904815673829,"y":-13.377030372619629,"z":-22.945507049560548},"rotation":{"x":-0.11908741295337677,"y":0.6098349094390869,"z":-0.09370656311511994,"w":-0.7781550884246826},"size":45.97888946533203,"orthographic":false}