{"cameraMode":{"drawMode":0,"name":"Shaded","section":"Shading Mode"},"sceneLighting":true,"audioPlay":false,"sceneViewState":{"showFog":true,"showMaterialUpdate":false,"showSkybox":true,"showFlares":true,"showImageEffects":true,"showParticleSystems":true},"in2DMode":false,"pivot":{"x":-4.181095600128174,"y":-5.618104934692383,"z":10.804365158081055},"rotation":{"x":0.453122079372406,"y":0.015549964271485806,"z":-0.00459945946931839,"w":0.8917303085327148},"size":43.66825485229492,"orthographic":false}