{"cameraMode":{"drawMode":0,"name":"Shaded","section":"Shading Mode"},"sceneLighting":true,"audioPlay":false,"sceneViewState":{"showFog":true,"showMaterialUpdate":false,"showSkybox":false,"showFlares":true,"showImageEffects":true,"showParticleSystems":true},"in2DMode":false,"pivot":{"x":48.29999923706055,"y":-1.7899999618530274,"z":-28.958999633789064},"rotation":{"x":-0.23846161365509034,"y":-0.5360159277915955,"z":0.1606602519750595,"w":-0.7939836978912354},"size":97.90803527832031,"orthographic":false}