{"cameraMode":{"drawMode":0,"name":"Shaded","section":"Shading Mode"},"sceneLighting":false,"audioPlay":false,"sceneViewState":{"showFog":true,"showMaterialUpdate":false,"showSkybox":false,"showFlares":true,"showImageEffects":true,"showParticleSystems":true},"in2DMode":false,"pivot":{"x":0.7699999809265137,"y":1.7830801010131837,"z":-0.3100000023841858},"rotation":{"x":-0.2813655138015747,"y":0.13814671337604524,"z":-0.040972303599119189,"w":-0.9487246870994568},"size":2.8578836917877199,"orthographic":false}