{"cameraMode":{"drawMode":0,"name":"Shaded","section":"Shading Mode"},"sceneLighting":false,"audioPlay":false,"sceneViewState":{"showFog":true,"showMaterialUpdate":false,"showSkybox":false,"showFlares":true,"showImageEffects":true,"showParticleSystems":true},"in2DMode":false,"pivot":{"x":-2.3499999046325685,"y":0.48899999260902407,"z":-7.220000267028809},"rotation":{"x":-0.5017992258071899,"y":-0.0076381065882742409,"z":0.004216354340314865,"w":-0.8651533722877502},"size":1.6575825214385987,"orthographic":false}