{"cameraMode":{"drawMode":0,"name":"Shaded","section":"Shading Mode"},"sceneLighting":false,"audioPlay":false,"sceneViewState":{"showFog":true,"showMaterialUpdate":false,"showSkybox":false,"showFlares":true,"showImageEffects":true,"showParticleSystems":true},"in2DMode":false,"pivot":{"x":45.279998779296878,"y":-1.5449999570846558,"z":-29.719999313354493},"rotation":{"x":-0.5565342903137207,"y":-0.0035840754862874748,"z":0.0022321646101772787,"w":-0.8310354351997376},"size":4.728941917419434,"orthographic":false}