{"cameraMode":{"drawMode":0,"name":"Shaded","section":"Shading Mode"},"sceneLighting":true,"audioPlay":false,"sceneViewState":{"showFog":true,"showMaterialUpdate":false,"showSkybox":false,"showFlares":true,"showImageEffects":true,"showParticleSystems":true},"in2DMode":false,"pivot":{"x":48.29999923706055,"y":-1.7899999618530274,"z":-29.829999923706056},"rotation":{"x":-0.4106371998786926,"y":-0.04963573440909386,"z":0.02076173759996891,"w":-0.9105413556098938},"size":1.4289418458938599,"orthographic":false}