{"cameraMode":{"drawMode":0,"name":"Shaded","section":"Shading Mode"},"sceneLighting":true,"audioPlay":false,"sceneViewState":{"showFog":true,"showMaterialUpdate":false,"showSkybox":false,"showFlares":true,"showImageEffects":true,"showParticleSystems":true},"in2DMode":false,"pivot":{"x":2.2300000190734865,"y":0.6100000143051148,"z":-1.8650000095367432},"rotation":{"x":0.13677071034908296,"y":0.6700155735015869,"z":-0.127131387591362,"w":0.7186621427536011},"size":1.6692543029785157,"orthographic":false}