{"cameraMode":{"drawMode":0,"name":"Shaded","section":"Shading Mode"},"sceneLighting":false,"audioPlay":false,"sceneViewState":{"showFog":true,"showMaterialUpdate":false,"showSkybox":false,"showFlares":true,"showImageEffects":true,"showParticleSystems":true},"in2DMode":false,"pivot":{"x":-0.11999998986721039,"y":0.6000000238418579,"z":-7.156548023223877},"rotation":{"x":-0.5017992258071899,"y":-0.0076381065882742409,"z":0.004216354340314865,"w":-0.8651533722877502},"size":1.462436318397522,"orthographic":false}