{"cameraMode":{"drawMode":0,"name":"Shaded","section":"Shading Mode"},"sceneLighting":false,"audioPlay":false,"sceneViewState":{"showFog":true,"showMaterialUpdate":false,"showSkybox":false,"showFlares":true,"showImageEffects":true,"showParticleSystems":true},"in2DMode":false,"pivot":{"x":28.252185821533204,"y":-3.130000114440918,"z":-30.258869171142579},"rotation":{"x":0.24896958470344544,"y":0.2297029346227646,"z":-0.058795031160116199,"w":0.9394246339797974},"size":3.2289416790008547,"orthographic":false}