{"cameraMode":{"drawMode":0,"name":"Shaded","section":"Shading Mode"},"sceneLighting":false,"audioPlay":false,"sceneViewState":{"showFog":true,"showMaterialUpdate":false,"showSkybox":false,"showFlares":true,"showImageEffects":true,"showParticleSystems":true},"in2DMode":false,"pivot":{"x":46.959999084472659,"y":-2.0290000438690187,"z":-29.579999923706056},"rotation":{"x":-0.5565342903137207,"y":-0.0035840754862874748,"z":0.0022321646101772787,"w":-0.8310354351997376},"size":10.605137825012207,"orthographic":false}