{"cameraMode":{"drawMode":0,"name":"Shaded","section":"Shading Mode"},"sceneLighting":false,"audioPlay":false,"sceneViewState":{"showFog":true,"showMaterialUpdate":false,"showSkybox":false,"showFlares":true,"showImageEffects":true,"showParticleSystems":true},"in2DMode":false,"pivot":{"x":48.29999923706055,"y":-1.7899999618530274,"z":-29.829999923706056},"rotation":{"x":-0.21701519191265107,"y":-0.5459099411964417,"z":0.1485929936170578,"w":-0.7957339286804199},"size":1.4289418458938599,"orthographic":false}