{"cameraMode":{"drawMode":0,"name":"Shaded","section":"Shading Mode"},"sceneLighting":true,"audioPlay":false,"sceneViewState":{"showFog":true,"showMaterialUpdate":false,"showSkybox":false,"showFlares":true,"showImageEffects":true,"showParticleSystems":true},"in2DMode":false,"pivot":{"x":-2.4570000171661379,"y":0.6800000071525574,"z":4.670000076293945},"rotation":{"x":0.09497424960136414,"y":0.7325869202613831,"z":-0.10402315109968186,"w":0.6661373972892761},"size":3.3566014766693117,"orthographic":false}