{"cameraMode":{"drawMode":0,"name":"Shaded","section":"Shading Mode"},"sceneLighting":true,"audioPlay":false,"sceneViewState":{"showFog":true,"showMaterialUpdate":false,"showSkybox":false,"showFlares":true,"showImageEffects":true,"showParticleSystems":true},"in2DMode":false,"pivot":{"x":48.29999923706055,"y":-1.7899999618530274,"z":-29.829999923706056},"rotation":{"x":-0.48995599150657656,"y":-0.09564652293920517,"z":0.052518948912620547,"w":-0.8652395606040955},"size":1.4289418458938599,"orthographic":false}