{"cameraMode":{"drawMode":0,"name":"Shaded","section":"Shading Mode"},"sceneLighting":false,"audioPlay":false,"sceneViewState":{"showFog":true,"showMaterialUpdate":false,"showSkybox":false,"showFlares":true,"showImageEffects":true,"showParticleSystems":true},"in2DMode":false,"pivot":{"x":48.29999923706055,"y":-1.7899999618530274,"z":-29.829999923706056},"rotation":{"x":-0.18078188598155976,"y":-0.6279229521751404,"z":0.1508258730173111,"w":-0.7422172427177429},"size":1.4289418458938599,"orthographic":false}