{"cameraMode":{"drawMode":0,"name":"Shaded","section":"Shading Mode"},"sceneLighting":false,"audioPlay":false,"sceneViewState":{"showFog":true,"showMaterialUpdate":false,"showSkybox":false,"showFlares":true,"showImageEffects":true,"showParticleSystems":true},"in2DMode":false,"pivot":{"x":-5.340000152587891,"y":0.9869999885559082,"z":-7.994337558746338},"rotation":{"x":-0.5017992258071899,"y":-0.0076381065882742409,"z":0.004216354340314865,"w":-0.8651533722877502},"size":10.351330757141114,"orthographic":false}