{"cameraMode":{"drawMode":0,"name":"Shaded","section":"Shading Mode"},"sceneLighting":false,"audioPlay":false,"sceneViewState":{"showFog":true,"showMaterialUpdate":false,"showSkybox":false,"showFlares":true,"showImageEffects":true,"showParticleSystems":true},"in2DMode":false,"pivot":{"x":-1.6832228899002076,"y":1.6678327322006226,"z":-1.1008694171905518},"rotation":{"x":0.5557185411453247,"y":-0.0659509226679802,"z":0.04425644129514694,"w":0.8276330828666687},"size":1.657884120941162,"orthographic":false}